image_path,mar,nose_chin_distance,label,split
10_10-FemaleNoGlasses-Yawning_frame00059_time2.0sec,0.5128584968755927,0.9910172137228126,1,train
10_10-FemaleNoGlasses-Yawning_frame00073_time2.4sec,0.5941119109198422,0.9877532655667898,1,train
10_10-FemaleNoGlasses-Yawning_frame00087_time2.9sec,0.5380361338367007,1.009535417314147,1,train
10_10-FemaleNoGlasses-Yawning_frame00101_time3.4sec,0.5186777968336151,0.9663059246198975,1,train
10_10-FemaleNoGlasses-Yawning_frame00115_time3.8sec,0.4892357464823442,0.9804395025156553,1,train
10_10-MaleNoGlasses-Yawning_frame00057_time1.9sec,0.7550987174441128,1.057015875513729,1,train
10_10-MaleNoGlasses-Yawning_frame00071_time2.4sec,0.9304602890686625,1.1479662010321943,1,train
10_10-MaleNoGlasses-Yawning_frame00085_time2.8sec,0.972129189296204,1.2702461298047316,1,train
10_10-MaleNoGlasses-Yawning_frame00099_time3.3sec,0.969416194393262,1.172193569689433,1,train
10_10-MaleNoGlasses-Yawning_frame00273_time9.1sec,0.8197971915001138,1.046186700509939,1,train
10_10-MaleNoGlasses-Yawning_frame00287_time9.6sec,0.8383785441186735,1.03344453168399,1,train
11_11-MaleGlasses-Yawning_frame00371_time12.4sec,0.9701655885049094,1.1131410887589503,1,train
11_11-MaleGlasses-Yawning_frame00385_time12.8sec,1.0260864963487297,1.1519120909613025,1,train
11_11-MaleGlasses-Yawning_frame00399_time13.3sec,0.9341765014887715,1.1408565340672479,1,train
11_11-MaleGlasses-Yawning_frame00413_time13.8sec,0.946444340381839,1.09878482296147,1,train
11_11-MaleGlasses-Yawning_frame00427_time14.2sec,0.9535225638230291,1.1487451295196776,1,train
11_11-MaleGlasses-Yawning_frame00441_time14.7sec,0.8587151507265895,1.1148272235044892,1,train
12_12-FemaleNoGlasses-Yawning_frame00179_time6.0sec,0.9325195335874679,0.9407676222504621,1,train
12_12-FemaleNoGlasses-Yawning_frame00193_time6.4sec,1.01740978987498,0.9454417903528294,1,train
12_12-FemaleNoGlasses-Yawning_frame00207_time6.9sec,1.0126456350408028,0.9735099341332966,1,train
12_12-FemaleNoGlasses-Yawning_frame00221_time7.4sec,0.9393422514592674,0.9868525920382413,1,train
12_12-FemaleNoGlasses-Yawning_frame00235_time7.8sec,0.8695066827384099,0.9845052488093312,1,train
12_12-FemaleNoGlasses-Yawning_frame00249_time8.3sec,0.7930944987418178,0.9681281905510289,1,train
12_12-FemaleNoGlasses-Yawning_frame00263_time8.8sec,0.677794973144444,0.9730146062233935,1,train
12_12-FemaleNoGlasses-Yawning_frame00277_time9.2sec,0.6641529962448408,0.9927107862427652,1,train
12_12-FemaleNoGlasses-Yawning_frame00291_time9.7sec,0.784309750668873,0.9773210031249917,1,train
12_12-FemaleNoGlasses-Yawning_frame00305_time10.2sec,0.7038672969729742,0.965406246752733,1,train
12_12-FemaleNoGlasses-Yawning_frame00319_time10.6sec,0.6806381682491424,0.9844865605162644,1,train
12_12-FemaleNoGlasses-Yawning_frame00333_time11.1sec,0.696290811758036,0.9734064862648744,1,train
12_12-MaleGlasses-Yawning_frame00203_time6.8sec,0.6670512758493735,1.1247914344378525,1,train
12_12-MaleGlasses-Yawning_frame00217_time7.2sec,0.8322404332375094,1.2540674962969127,1,train
12_12-MaleGlasses-Yawning_frame00245_time8.2sec,0.8886543676065574,1.1833143919367723,1,train
12_12-MaleGlasses-Yawning_frame00259_time8.6sec,0.697313829097461,1.207613298448483,1,train
12_12-MaleGlasses-Yawning_frame00273_time9.1sec,0.7730020937170535,1.180597065947896,1,train
12_12-MaleGlasses-Yawning_frame00287_time9.6sec,0.72872755686201,1.553553947686899,1,train
12_12-MaleGlasses-Yawning_frame00329_time11.0sec,0.6067270256835945,1.2291113110820018,1,train
12_12-MaleGlasses-Yawning_frame00623_time20.8sec,0.5775735647558476,1.1161103500737906,1,train
12_12-MaleGlasses-Yawning_frame00637_time21.3sec,0.9217057553740852,1.1776402208868135,1,train
12_12-MaleGlasses-Yawning_frame00651_time21.7sec,0.7399209112846754,1.2092711920921417,1,train
12_12-MaleGlasses-Yawning_frame00665_time22.2sec,0.8630207968664013,1.220921510585911,1,train
12_12-MaleGlasses-Yawning_frame00679_time22.7sec,0.863182238621362,1.2399168947304255,1,train
12_12-MaleGlasses-Yawning_frame00693_time23.1sec,0.8327480590035948,1.2462398662511573,1,train
12_12-MaleGlasses-Yawning_frame00707_time23.6sec,0.768558911787887,1.2651851374672818,1,train
12_12-MaleGlasses-Yawning_frame00721_time24.1sec,0.8606893640010288,1.2355130918599906,1,train
12_12-MaleGlasses-Yawning_frame00735_time24.5sec,0.6614101045472681,1.2317632134140504,1,train
13_13-FemaleNoGlasses-Yawning_frame00235_time7.8sec,0.48351458208614934,0.960438181014946,1,train
13_13-FemaleNoGlasses-Yawning_frame00249_time8.3sec,0.7173094502318632,1.097565102998947,1,train
13_13-FemaleNoGlasses-Yawning_frame00263_time8.8sec,0.8872541088559754,1.1295758691209785,1,train
13_13-FemaleNoGlasses-Yawning_frame00277_time9.2sec,0.792317793331493,1.1026040736079274,1,train
13_13-FemaleNoGlasses-Yawning_frame00291_time9.7sec,0.7220355566656387,1.107362275831477,1,train
13_13-FemaleNoGlasses-Yawning_frame00305_time10.2sec,0.6056859324997449,1.0508964324656207,1,train
14_14-FemaleNoGlasses-Yawning_frame00249_time8.3sec,0.5152621984627018,0.9898240091321467,1,train
14_14-FemaleNoGlasses-Yawning_frame00252_ncd0.2177_inc1.27x,0.4863572033049191,0.9796572138459285,1,train
14_14-FemaleNoGlasses-Yawning_frame00263_time8.8sec,0.45647891567564447,0.9922063788727914,1,train
15_15-FemaleSunGlasses-Yawning_frame00168_ncd0.2388_inc1.36x,0.7103331338207753,0.893046688921722,1,train
15_15-FemaleSunGlasses-Yawning_frame00179_time6.0sec,0.70970839473261,0.8535232385967678,1,train
17_17-FemaleNoGlasses-Yawning_frame00059_time2.0sec,0.7235653721142177,1.0336854952628127,1,train
17_17-FemaleNoGlasses-Yawning_frame00073_time2.4sec,0.7344237072755885,1.0973963941689977,1,train
17_17-FemaleNoGlasses-Yawning_frame00087_time2.9sec,0.4834454044075093,1.046899955037293,1,train
17_17-FemaleNoGlasses-Yawning_frame00101_time3.4sec,0.7357236045133525,1.1395014986980123,1,train
17_17-FemaleNoGlasses-Yawning_frame00305_time10.2sec,0.12471567070622276,1.0467953579631115,1,train
17_17-FemaleNoGlasses-Yawning_frame00308_ncd0.2613_inc1.27x,0.09202987641883581,1.0565247366998607,1,train
17_17-FemaleNoGlasses-Yawning_frame00319_time10.6sec,0.03,1.115945058950612,1,train
17_17-FemaleNoGlasses-Yawning_frame00322_ncd0.2756_inc1.29x,0.9044259845070132,1.264050618345698,1,train
17_17-FemaleNoGlasses-Yawning_frame00333_time11.1sec,0.09976394984125406,1.233786720095434,1,train
17_17-FemaleNoGlasses-Yawning_frame00347_time11.6sec,0.6016986459690123,1.2294769626260669,1,train
17_17-FemaleNoGlasses-Yawning_frame00361_time12.0sec,0.8355780474957735,1.2337865320361543,1,train
17_17-FemaleNoGlasses-Yawning_frame00375_time12.5sec,0.9409387018350216,1.2456983898925957,1,train
17_17-FemaleSunGlasses-Yawning_frame00059_time2.0sec,1.3108248237619868,1.025546630601275,1,train
17_17-FemaleSunGlasses-Yawning_frame00073_time2.4sec,0.7620534231131897,1.0930325927235303,1,train
17_17-FemaleSunGlasses-Yawning_frame00087_time2.9sec,0.6321467716497255,1.0564929251902948,1,train
17_17-FemaleSunGlasses-Yawning_frame00101_time3.4sec,1.2173139792786853,1.1687974274408608,1,train
17_17-MaleNoGlasses-Yawning_frame00175_time5.8sec,0.7879720769727883,1.1611791332826575,1,train
17_17-MaleNoGlasses-Yawning_frame00189_time6.3sec,0.937052951042618,1.2633648545243321,1,train
17_17-MaleNoGlasses-Yawning_frame00203_time6.8sec,1.0873566000175257,1.135476535086614,1,train
17_17-MaleNoGlasses-Yawning_frame00217_time7.2sec,0.8986091846788521,1.1163052697935139,1,train
17_17-MaleNoGlasses-Yawning_frame00231_time7.7sec,0.9435813433981552,1.1467855110849383,1,train
17_17-MaleNoGlasses-Yawning_frame00245_time8.2sec,0.8023828677369595,1.1386013253191933,1,train
18_18-FemaleSunGlasses-Yawning_frame00179_time6.0sec,0.6089469173134787,0.7325417391093265,1,train
18_18-FemaleSunGlasses-Yawning_frame00193_time6.4sec,0.607991170917558,0.7021250431812947,1,train
18_18-FemaleSunGlasses-Yawning_frame00207_time6.9sec,0.7386958567645953,0.6237658107306249,1,train
18_18-FemaleSunGlasses-Yawning_frame00221_time7.4sec,0.788117091860616,0.6951331687531056,1,train
18_18-FemaleSunGlasses-Yawning_frame00235_time7.8sec,0.7588160990929663,0.7738259313996686,1,train
18_18-FemaleSunGlasses-Yawning_frame00249_time8.3sec,0.6716073832478962,0.7940380306604329,1,train
18_18-MaleNoGlasses-Yawning_frame00161_time5.4sec,0.762766879677632,1.114855009441187,1,train
18_18-MaleNoGlasses-Yawning_frame00175_time5.8sec,0.8640413828294665,1.1417979468206636,1,train
18_18-MaleNoGlasses-Yawning_frame00189_time6.3sec,0.9612395223730789,1.0524938817562557,1,train
18_18-MaleNoGlasses-Yawning_frame00203_time6.8sec,0.9138414415856575,1.120213481247494,1,train
18_18-MaleNoGlasses-Yawning_frame00217_time7.2sec,0.9876010772681234,1.1101771182253901,1,train
18_18-MaleNoGlasses-Yawning_frame00231_time7.7sec,0.9123902162169406,1.1425047207208248,1,train
18_18-MaleNoGlasses-Yawning_frame00245_time8.2sec,0.7629751064364696,1.1085615449789874,1,train
18_18-MaleNoGlasses-Yawning_frame00259_time8.6sec,0.8267074748409348,1.1000702767516808,1,train
18_18-MaleNoGlasses-Yawning_frame00273_time9.1sec,0.6350724132126768,1.1205072940530894,1,train
19_19-FemaleNoGlasses-Yawning_frame00179_time6.0sec,0.9061019310803055,0.9328581821046631,1,train
19_19-FemaleNoGlasses-Yawning_frame00193_time6.4sec,0.8110179635133525,0.9204661743093436,1,train
19_19-FemaleNoGlasses-Yawning_frame00207_time6.9sec,0.8375212651350554,0.9412554203954113,1,train
19_19-FemaleNoGlasses-Yawning_frame00221_time7.4sec,0.8041437668519085,0.8970478812230966,1,train
19_19-FemaleNoGlasses-Yawning_frame00235_time7.8sec,0.7316032199437527,0.8922891167032856,1,train
19_19-FemaleNoGlasses-Yawning_frame00249_time8.3sec,0.8103994803377353,0.9378240952238602,1,train
19_19-MaleGlassesmoustache-Yawning_frame00085_time2.8sec,1.101519562428535,1.2780290313465905,1,train
19_19-MaleGlassesmoustache-Yawning_frame00099_time3.3sec,0.8955084679330713,1.3307086305165678,1,train
19_19-MaleGlassesmoustache-Yawning_frame00113_time3.8sec,0.7731659573449258,1.2054828592887243,1,train
19_19-MaleGlassesmoustache-Yawning_frame00119_time4.0sec,0.7382341742291418,1.4278969837295448,1,train
19_19-MaleGlassesmoustache-Yawning_frame00133_time4.4sec,1.0444372775659132,1.4325375544782106,1,train
1_1-FemaleNoGlasses-Yawning_frame00059_time2.0sec,0.8316490162728012,1.106950850405173,1,train
1_1-FemaleNoGlasses-Yawning_frame00073_time2.4sec,1.1793302459424497,1.1984646566710724,1,train
1_1-FemaleNoGlasses-Yawning_frame00084_ncd0.2390_inc1.27x,1.3742987255532364,1.2337009138666226,1,train
1_1-FemaleNoGlasses-Yawning_frame00087_time2.9sec,1.3043434297910455,1.2609851530356642,1,train
1_1-FemaleNoGlasses-Yawning_frame00101_time3.4sec,0.9702565700385146,1.1893163101488125,1,train
1_1-FemaleNoGlasses-Yawning_frame00115_time3.8sec,1.176158403494108,1.2981603422350654,1,train
1_1-FemaleNoGlasses-Yawning_frame00129_time4.3sec,1.1454658855363153,1.7399978569223298,1,train
1_1-MaleNoGlasses-Yawning_frame00175_time5.8sec,0.8739445980575709,1.025115387811241,1,train
1_1-MaleNoGlasses-Yawning_frame00189_time6.3sec,1.1882030127285368,1.2199997623896184,1,train
1_1-MaleNoGlasses-Yawning_frame00217_time7.2sec,0.7569489654429026,1.1285091991418112,1,train
1_1-MaleSunGlasses-Yawning_frame00147_time4.9sec,0.681473959744506,0.9237786285214753,1,train
1_1-MaleSunGlasses-Yawning_frame00161_time5.4sec,0.5634086006636921,0.907464808826669,1,train
20_20-FemaleNoGlasses-Yawning_frame00193_time6.4sec,0.8871687089717579,1.3080162323046949,1,train
20_20-FemaleNoGlasses-Yawning_frame00196_ncd0.3046_inc1.29x,0.842166991820619,1.308914216253743,1,train
20_20-FemaleNoGlasses-Yawning_frame00207_time6.9sec,0.6640249011761514,1.3120567217755736,1,train
20_20-FemaleNoGlasses-Yawning_frame00210_ncd0.3139_inc1.26x,0.6727987781718361,1.3206824892422093,1,train
20_20-FemaleNoGlasses-Yawning_frame00616_ncd0.3315_inc1.28x,1.0333088240416375,1.2801825139199923,1,train
20_20-MaleGlasses-Talking&yawning_frame01078_mar0.333,1.1224382750078008,1.2958007146813917,1,train
21_21-FemaleNoGlasses-Yawning_frame00101_time3.4sec,0.7803890783500966,0.8782526660157016,1,train
21_21-FemaleNoGlasses-Yawning_frame00112_ncd0.2134_inc1.26x,0.9038805480139724,0.9012191340662192,1,train
21_21-FemaleNoGlasses-Yawning_frame00115_time3.8sec,0.8047735117632451,0.913959072053034,1,train
21_21-FemaleNoGlasses-Yawning_frame00129_time4.3sec,1.0166578215681545,1.0011369468004538,1,train
21_21-MaleGlasses-Yawning_frame00161_time5.4sec,0.9780496156163353,1.0564394718823802,1,train
21_21-MaleGlasses-Yawning_frame00175_time5.8sec,0.9079924387150771,1.0785708636933578,1,train
21_21-MaleGlasses-Yawning_frame00189_time6.3sec,1.2726502125832273,1.1622901004407578,1,train
21_21-MaleGlasses-Yawning_frame00203_time6.8sec,1.1950728404052866,1.1471637410625468,1,train
21_21-MaleGlasses-Yawning_frame00217_time7.2sec,1.3768840624119993,1.1695129209972674,1,train
21_21-MaleGlasses-Yawning_frame00231_time7.7sec,1.1062186570388859,1.0586978757147267,1,train
22_22-FemaleNoGlasses-Yawning_frame00207_time6.9sec,1.3607305334115432,1.1467714074185262,1,train
22_22-FemaleNoGlasses-Yawning_frame00221_time7.4sec,1.071015008763871,1.0820071518291765,1,train
22_22-FemaleNoGlasses-Yawning_frame00235_time7.8sec,1.1167885262820652,1.1073899882031066,1,train
22_22-FemaleNoGlasses-Yawning_frame00249_time8.3sec,0.9779519164417493,1.184157895380353,1,train
22_22-FemaleNoGlasses-Yawning_frame00263_time8.8sec,1.1230775899541294,1.0367859533210144,1,train
22_22-FemaleNoGlasses-Yawning_frame00277_time9.2sec,0.8845929236517546,1.0490338347351398,1,train
22_22-FemaleSunGlasses-Yawning_frame00115_time3.8sec,0.9279959215507025,0.9467036694645673,1,train
22_22-FemaleSunGlasses-Yawning_frame00129_time4.3sec,0.6786673659100769,0.9738682881067319,1,train
22_22-FemaleSunGlasses-Yawning_frame00143_time4.8sec,0.6586815309890572,0.9182586559807755,1,train
22_22-MaleGlassesmoustache-Yawning_frame00113_time3.8sec,1.4631599681191687,1.156573045172324,1,train
22_22-MaleGlassesmoustache-Yawning_frame00119_time4.0sec,1.4685930599039299,1.0916041682167852,1,train
22_22-MaleGlassesmoustache-Yawning_frame00133_time4.4sec,1.2785020037728487,1.1589812983179233,1,train
22_22-MaleGlassesmoustache-Yawning_frame00147_time4.9sec,1.0817725240005278,1.162086401831021,1,train
22_22-MaleGlassesmoustache-Yawning_frame00161_time5.4sec,0.36119448079633504,1.1487357389590322,1,train
22_22-MaleGlassesmoustache-Yawning_frame00175_time5.8sec,0.11952203918408338,1.0438246006577518,1,train
22_22-MaleGlassesmoustache-Yawning_frame00189_time6.3sec,0.9882113557237129,1.170713001173401,1,train
22_22-MaleGlassesmoustache-Yawning_frame00203_time6.8sec,0.8528088112292264,1.0792001540464347,1,train
22_22-MaleGlassesmoustache-Yawning_frame00217_time7.2sec,0.7082710737619462,1.1254481775063445,1,train
22_22-MaleGlassesmoustache-Yawning_frame00231_time7.7sec,0.6865529090558544,1.1170089505351548,1,train
22_22-MaleGlassesmoustache-Yawning_frame00245_time8.2sec,1.2177896923473155,1.197090568446006,1,train
22_22-MaleGlassesmoustache-Yawning_frame00259_time8.6sec,0.7327939423027524,1.1466602971693824,1,train
22_22-MaleGlassesmoustache-Yawning_frame00273_time9.1sec,1.0896718493903796,1.190689078967684,1,train
22_22-MaleGlassesmoustache-Yawning_frame00483_time16.1sec,1.331108112885953,1.1493664318455152,1,train
22_22-MaleGlassesmoustache-Yawning_frame00497_time16.6sec,0.7293269453816354,1.1151638432912523,1,train
22_22-MaleGlassesmoustache-Yawning_frame00511_time17.1sec,0.20585415153856607,1.1730668937422997,1,train
22_22-MaleGlassesmoustache-Yawning_frame00525_time17.5sec,0.954776234948854,1.1999312841399534,1,train
22_22-MaleGlassesmoustache-Yawning_frame00581_time19.4sec,1.2553546039643304,1.164695347741507,1,train
22_22-MaleGlassesmoustache-Yawning_frame00595_time19.9sec,0.724721627065215,1.1202042380683044,1,train
22_22-MaleGlassesmoustache-Yawning_frame00609_time20.3sec,1.367116675872965,1.140110807893272,1,train
22_22-MaleGlassesmoustache-Yawning_frame00623_time20.8sec,1.1103064820066284,1.2099538797825335,1,train
22_22-MaleGlassesmoustache-Yawning_frame00637_time21.3sec,0.3361866748486948,1.1114662054533466,1,train
22_22-MaleGlassesmoustache-Yawning_frame00651_time21.7sec,1.0138969847781383,1.1356039898737167,1,train
22_22-MaleGlassesmoustache-Yawning_frame00665_time22.2sec,0.7753920195288015,1.1377735901564465,1,train
22_22-MaleGlassesmoustache-Yawning_frame00679_time22.7sec,1.1596711215787812,1.186853622693199,1,train
22_22-MaleGlassesmoustache-Yawning_frame00693_time23.1sec,0.583753609040805,1.1251224755372917,1,train
22_22-MaleGlassesmoustache-Yawning_frame00707_time23.6sec,1.188335004444378,1.1767745626970176,1,train
22_22-MaleGlassesmoustache-Yawning_frame00721_time24.1sec,0.9504754942350149,1.0965467499985102,1,train
23_23-FemaleNoGlasses-Yawning_frame00168_ncd0.2373_inc1.26x,0.9026833371087649,0.9635890369657115,1,train
23_23-FemaleNoGlasses-Yawning_frame00179_time6.0sec,0.5572227735651394,1.0746810359978285,1,train
23_23-FemaleNoGlasses-Yawning_frame00182_ncd0.2509_inc1.33x,0.9595388256596482,1.122464966672906,1,train
23_23-MaleGlassesBeard-Yawning_frame00175_time5.8sec,0.5116014541914425,0.9729686656344732,1,train
23_23-MaleGlassesBeard-Yawning_frame00189_time6.3sec,0.5751121364873898,1.0617153061526527,1,train
23_23-MaleGlassesBeard-Yawning_frame00203_time6.8sec,0.591755242703381,1.1400894034427027,1,train
23_23-MaleGlassesBeard-Yawning_frame00217_time7.2sec,0.5736042272641767,1.139608829514382,1,train
23_23-MaleGlassesBeard-Yawning_frame00231_time7.7sec,0.6584942031584128,1.2013382248832447,1,train
23_23-MaleGlassesBeard-Yawning_frame00245_time8.2sec,0.5454135087956985,1.032254814838683,1,train
23_23-MaleNoGlasses-Yawning_frame00161_time5.4sec,0.7936157855615887,1.1754993242802412,1,train
23_23-MaleNoGlasses-Yawning_frame00175_time5.8sec,1.2038645425227785,1.3333519177551583,1,train
23_23-MaleNoGlasses-Yawning_frame00189_time6.3sec,0.5986238920288934,1.5487980481505665,1,train
23_23-MaleNoGlasses-Yawning_frame00203_time6.8sec,0.7084014781314266,1.2595856982289608,1,train
23_23-MaleNoGlasses-Yawning_frame00567_time18.9sec,0.7513359245661447,1.0730199989002653,1,train
23_23-MaleNoGlasses-Yawning_frame00581_time19.4sec,0.7713000985157962,1.2126485186174198,1,train
24_24-FemaleNoGlasses-Yawning_frame00196_ncd0.2119_inc1.33x,0.8507761637082911,0.9356723398578178,1,train
24_24-FemaleNoGlasses-Yawning_frame00431_time14.4sec,0.9020473021319972,1.0714148693736802,1,train
24_24-FemaleNoGlasses-Yawning_frame00434_ncd0.2182_inc1.29x,0.8687019052517109,1.0779175706637498,1,train
24_24-FemaleNoGlasses-Yawning_frame00445_time14.8sec,1.0997914233689936,1.1167714695843547,1,train
24_24-MaleGlasses-Yawning_frame00259_time8.6sec,0.7467853383223519,1.1881058330524072,1,train
24_24-MaleGlasses-Yawning_frame00273_time9.1sec,0.817265753266842,1.1945655071703192,1,train
25_25-FemaleNoGlasses-Yawning_frame00101_time3.4sec,0.7745272987689942,0.8687999765137501,1,train
25_25-FemaleNoGlasses-Yawning_frame00115_time3.8sec,0.7287577492303893,0.8050394536566354,1,train
25_25-FemaleNoGlasses-Yawning_frame00143_time4.8sec,0.6753143136080921,0.7555781961804467,1,train
25_25-FemaleSunGlasses-Yawning_frame00073_time2.4sec,0.6691555932230451,1.0950850257465723,1,train
25_25-FemaleSunGlasses-Yawning_frame00101_time3.4sec,0.6867685928432978,1.0372124542075896,1,train
25_25-FemaleSunGlasses-Yawning_frame00115_time3.8sec,0.7379278740962737,1.0437570524395698,1,train
25_25-FemaleSunGlasses-Yawning_frame00129_time4.3sec,0.7311369596347993,1.0191160739279503,1,train
25_25-FemaleSunGlasses-Yawning_frame00347_time11.6sec,0.6648702522771627,0.9670160455633168,1,train
25_25-FemaleSunGlasses-Yawning_frame00361_time12.0sec,0.7831425612358637,1.1595947568414255,1,train
25_25-FemaleSunGlasses-Yawning_frame00364_ncd0.2581_inc1.25x,0.8329453262152825,1.2071082243988371,1,train
25_25-FemaleSunGlasses-Yawning_frame00375_time12.5sec,0.8938738696486036,1.2842898098429605,1,train
25_25-MaleGlasses-Yawning_frame00231_time7.7sec,1.2174983494683178,1.231661633239263,1,train
25_25-MaleGlasses-Yawning_frame00245_time8.2sec,0.5772093700027127,1.1448646766909454,1,train
25_25-MaleSunGlasses-Yawning_frame00133_time4.4sec,0.7146256267462286,1.105669679469358,1,train
25_25-MaleSunGlasses-Yawning_frame00147_time4.9sec,0.8520571584175083,1.2146831368086053,1,train
25_25-MaleSunGlasses-Yawning_frame00161_time5.4sec,0.7091794455914632,1.0323067488009947,1,train
25_25-MaleSunGlasses-Yawning_frame00175_time5.8sec,0.647292983176591,1.0313871080933967,1,train
25_25-MaleSunGlasses-Yawning_frame00189_time6.3sec,0.6076569821453482,1.1632594635646034,1,train
2_2-FemaleNoGlasses-Yawning_frame00417_time13.9sec,0.5790491973595397,0.9170096208149017,1,train
2_2-FemaleNoGlasses-Yawning_frame00431_time14.4sec,0.6051561560511115,0.927779159818405,1,train
2_2-FemaleNoGlasses-Yawning_frame00445_time14.8sec,0.5669279980826633,0.9144222653299182,1,train
2_2-MaleGlasses-Yawning_frame00161_time5.4sec,1.2831545562110163,1.2072628204664493,1,train
2_2-MaleGlasses-Yawning_frame00175_time5.8sec,1.3013348310779047,1.2653149316270813,1,train
2_2-MaleGlasses-Yawning_frame00189_time6.3sec,1.2086007621143184,1.2607481665122466,1,train
2_2-MaleGlasses-Yawning_frame00203_time6.8sec,1.1620856838902514,1.2335598140188702,1,train
2_2-MaleGlasses-Yawning_frame00217_time7.2sec,1.113470600268927,1.246709901110249,1,train
2_2-MaleGlasses-Yawning_frame00231_time7.7sec,0.9364854583607864,1.1193296708158684,1,train
2_2-MaleGlasses-Yawning_frame00245_time8.2sec,0.853316267092417,0.982785679101093,1,train
2_2-MaleGlasses-Yawning_frame00259_time8.6sec,0.03,0.9918608310170756,1,train
3_3-FemaleGlasses-Yawning_frame00059_time2.0sec,0.8794301854692451,1.1291771291680828,1,train
3_3-FemaleGlasses-Yawning_frame00073_time2.4sec,1.1987803687060983,1.311529825498425,1,train
3_3-FemaleGlasses-Yawning_frame00084_ncd0.3157_inc1.41x,1.065302485231457,1.4193113192663664,1,train
3_3-FemaleGlasses-Yawning_frame00087_time2.9sec,1.1481471357228505,1.3577114270461812,1,train
3_3-FemaleGlasses-Yawning_frame00101_time3.4sec,0.8234039511325226,1.2535264130239372,1,train
3_3-FemaleGlasses-Yawning_frame00115_time3.8sec,0.9841799322133714,1.3038022704897754,1,train
3_3-FemaleGlasses-Yawning_frame00129_time4.3sec,1.0380419262116918,1.2428957888174934,1,train
3_3-MaleGlasses-Yawning_frame00071_time2.4sec,0.46881232867719114,0.9679156399249293,1,train
3_3-MaleGlasses-Yawning_frame00085_time2.8sec,0.03,1.1063581316948703,1,train
3_3-MaleGlasses-Yawning_frame00099_time3.3sec,0.1559240275552154,1.1461206210857815,1,train
3_3-MaleGlasses-Yawning_frame00113_time3.8sec,0.03,1.1143903149159111,1,train
3_3-MaleGlasses-Yawning_frame00119_time4.0sec,0.03,1.1479313861762568,1,train
3_3-MaleGlasses-Yawning_frame00133_time4.4sec,0.3874244779854448,1.0028675774003566,1,train
3_3-MaleGlasses-Yawning_frame00147_time4.9sec,0.5016207360814089,1.0097006341695305,1,train
3_3-MaleGlasses-Yawning_frame00161_time5.4sec,0.03,1.0800655348152357,1,train
3_3-MaleNoGlasses-Yawning_frame00099_time3.3sec,0.033949166762704944,1.1653856980531214,1,train
3_3-MaleNoGlasses-Yawning_frame00113_time3.8sec,0.03,1.0717761521511504,1,train
3_3-MaleNoGlasses-Yawning_frame00119_time4.0sec,0.06576104030832741,1.1786465522283833,1,train
3_3-MaleNoGlasses-Yawning_frame00133_time4.4sec,0.7457406294877766,1.2384423898354233,1,train
3_3-MaleNoGlasses-Yawning_frame00147_time4.9sec,0.03,1.1284157796344223,1,train
3_3-MaleNoGlasses-Yawning_frame00161_time5.4sec,0.0576235365729901,1.0606839969943038,1,train
4_4-FemaleGlasses-Yawning_frame00087_time2.9sec,0.9678551303620819,1.2060282622429717,1,train
4_4-FemaleGlasses-Yawning_frame00101_time3.4sec,1.3933333396146281,1.2611586168419797,1,train
4_4-FemaleGlasses-Yawning_frame00115_time3.8sec,0.9447190777449669,1.2432820048559383,1,train
4_4-FemaleGlasses-Yawning_frame00129_time4.3sec,0.9611836237811794,1.2627553672806615,1,train
4_4-FemaleGlasses-Yawning_frame00333_time11.1sec,1.1423704506137609,1.3719570224921118,1,train
4_4-FemaleGlasses-Yawning_frame00347_time11.6sec,1.40981482740152,1.549668598261351,1,train
4_4-FemaleGlasses-Yawning_frame00361_time12.0sec,1.0029561790509354,1.2982923553277703,1,train
4_4-FemaleGlasses-Yawning_frame00375_time12.5sec,0.26993550030918545,1.166166291091896,1,train
4_4-FemaleGlasses-Yawning_frame00389_time13.0sec,0.9306764477618126,1.2120539134543342,1,train
4_4-FemaleGlasses-Yawning_frame00403_time13.4sec,0.4762064640204856,1.1424935330565509,1,train
4_4-FemaleGlasses-Yawning_frame00417_time13.9sec,1.0552757285543823,1.3731735126540368,1,train
4_4-MaleNoGlasses-Yawning_frame00071_time2.4sec,0.8120350110431486,0.9519724782567155,1,train
4_4-MaleNoGlasses-Yawning_frame00085_time2.8sec,0.7294324700665216,0.8923995914106532,1,train
4_4-MaleNoGlasses-Yawning_frame00099_time3.3sec,0.7671110541998046,0.9373604894706922,1,train
4_4-MaleNoGlasses-Yawning_frame00113_time3.8sec,0.8706494317391698,0.943819497364232,1,train
4_4-MaleNoGlasses-Yawning_frame00119_time4.0sec,0.7639317900321747,0.9168673396056021,1,train
5_5-FemaleGlasses-Yawning_frame00179_time6.0sec,0.9389168127119715,1.2674447761568595,1,train
5_5-FemaleGlasses-Yawning_frame00235_time7.8sec,0.7868313902624677,1.0373756473395876,1,train
5_5-FemaleGlasses-Yawning_frame00238_ncd0.2359_inc1.50x,0.8629389152010702,0.9918348995501078,1,train
5_5-FemaleGlasses-Yawning_frame00249_time8.3sec,0.7641386418661014,0.957531569606618,1,train
5_5-FemaleGlasses-Yawning_frame00252_ncd0.2358_inc1.41x,0.7417928071117409,1.0034386037711123,1,train
5_5-FemaleGlasses-Yawning_frame00431_time14.4sec,0.5474327616054728,0.9293282432641088,1,train
6_6-FemaleNoGlasses-Yawning_frame00179_time6.0sec,1.0123417191624577,0.9980076546258406,1,train
6_6-FemaleNoGlasses-Yawning_frame00193_time6.4sec,0.8816388126736325,0.9894493234617904,1,train
6_6-FemaleNoGlasses-Yawning_frame00207_time6.9sec,0.7974643264973176,0.9911298026407487,1,train
6_6-FemaleNoGlasses-Yawning_frame00221_time7.4sec,0.8402157481511892,0.9812058078281083,1,train
6_6-FemaleNoGlasses-Yawning_frame00235_time7.8sec,1.1685864247978854,1.0744929236608363,1,train
6_6-FemaleNoGlasses-Yawning_frame00249_time8.3sec,0.973866563997432,1.0495129038192177,1,train
6_6-FemaleNoGlasses-Yawning_frame00263_time8.8sec,1.0071158604876513,1.0675545417320846,1,train
6_6-FemaleNoGlasses-Yawning_frame00277_time9.2sec,1.0644788794918476,1.1380918357886414,1,train
6_6-FemaleNoGlasses-Yawning_frame00291_time9.7sec,1.2417587872826608,1.1024205593978966,1,train
6_6-FemaleNoGlasses-Yawning_frame00305_time10.2sec,1.1475428566515051,1.159728763401629,1,train
6_6-FemaleNoGlasses-Yawning_frame00319_time10.6sec,0.9526822428096436,1.1478820663721596,1,train
6_6-MaleNoGlasses-Yawning_frame00057_time1.9sec,1.2642868635292743,1.1749442980937657,1,train
6_6-MaleNoGlasses-Yawning_frame00071_time2.4sec,0.9847541120462349,1.2010553645480169,1,train
6_6-MaleNoGlasses-Yawning_frame00085_time2.8sec,0.9383588978321648,0.9503158346033752,1,train
6_6-MaleNoGlasses-Yawning_frame00099_time3.3sec,0.5746731920481223,0.9029073816640273,1,train
7_7-MaleGlasses-Yawning_frame00119_time4.0sec,0.9063960168738543,1.3539749861080586,1,train
7_7-MaleGlasses-Yawning_frame00133_time4.4sec,1.0323852983425055,1.3310378330986765,1,train
7_7-MaleGlasses-Yawning_frame00161_time5.4sec,0.9531180956363515,1.2807261258378178,1,train
8_8-MaleGlassesBeard-Yawning_frame00085_time2.8sec,0.7182936262952978,1.0922457789348399,1,train
8_8-MaleGlassesBeard-Yawning_frame00099_time3.3sec,0.12566055551106897,1.0531157842191412,1,train
8_8-MaleGlassesBeard-Yawning_frame00113_time3.8sec,0.03,1.0604052547883451,1,train
8_8-MaleGlassesBeard-Yawning_frame00119_time4.0sec,1.080431663968982,1.1391110024121915,1,train
10_10-FemaleNoGlasses-Normal_frame00014_mar0.139,0.03,0.7349174603715669,0,train
10_10-FemaleNoGlasses-Normal_frame00028_mar0.137,0.03,0.7404323946702154,0,train
10_10-FemaleNoGlasses-Normal_frame00042_mar0.133,0.03,0.749428742156804,0,train
10_10-FemaleNoGlasses-Normal_frame00056_mar0.126,0.03,0.750802394541689,0,train
10_10-FemaleNoGlasses-Normal_frame00070_mar0.134,0.03,0.7606225112830378,0,train
10_10-MaleNoGlasses-Normal_frame00000_mar0.109,0.03,0.7983719483681834,0,train
10_10-MaleNoGlasses-Normal_frame00014_mar0.131,0.03,0.8241053965279906,0,train
10_10-MaleNoGlasses-Normal_frame00028_mar0.124,0.03,0.8028465373455071,0,train
10_10-MaleNoGlasses-Normal_frame00042_mar0.117,0.03,0.7865607560197887,0,train
10_10-MaleNoGlasses-Normal_frame00056_mar0.119,0.03,0.7842377223778411,0,train
10_10-MaleNoGlasses-Normal_frame00070_mar0.100,0.03,0.7592890587172957,0,train
10_10-MaleNoGlasses-Normal_frame00084_mar0.117,0.03,0.8189550766506704,0,train
10_10-MaleNoGlasses-Normal_frame00098_mar0.115,0.03,0.8091824004742443,0,train
10_10-MaleNoGlasses-Normal_frame00112_mar0.108,0.03,0.7972956008776092,0,train
10_10-MaleNoGlasses-Normal_frame00126_mar0.106,0.03,0.8039747817758721,0,train
11_11-FemaleNoGlasses-Normal_frame00014_mar0.120,0.03,0.7424079169079618,0,train
11_11-FemaleNoGlasses-Normal_frame00042_mar0.109,0.03,0.6940243614466565,0,train
11_11-FemaleNoGlasses-Normal_frame00056_mar0.166,0.03,0.6770488310937532,0,train
11_11-FemaleNoGlasses-Normal_frame00126_mar0.136,0.03,0.8135316208799235,0,train
11_11-FemaleNoGlasses-Normal_frame00140_mar0.126,0.03,0.756484521274769,0,train
11_11-FemaleNoGlasses-Normal_frame00154_mar0.125,0.03,0.7997814245412195,0,train
11_11-FemaleNoGlasses-Normal_frame00168_mar0.117,0.03,0.7770509883625075,0,train
11_11-MaleGlasses-Normal_frame00000_mar0.196,0.03,0.9268936134609574,0,train
11_11-MaleGlasses-Normal_frame00112_mar0.180,0.03,0.9488941060008237,0,train
11_11-MaleGlasses-Normal_frame00126_mar0.175,0.03,0.971428964832582,0,train
11_11-MaleGlasses-Normal_frame00140_mar0.177,0.03,0.9635435562149087,0,train
11_11-MaleGlasses-Normal_frame00154_mar0.194,0.03,0.9836314276280597,0,train
11_11-MaleGlasses-Normal_frame00168_mar0.178,0.03,0.9757287837297135,0,train
11_11-MaleGlasses-Normal_frame00182_mar0.174,0.03,0.9555312382138811,0,train
11_11-MaleGlasses-Normal_frame00196_mar0.197,0.03,0.9782378383250161,0,train
11_11-MaleGlasses-Normal_frame00224_mar0.186,0.03,0.950736002341427,0,train
11_11-MaleGlasses-Normal_frame00238_mar0.189,0.041200974515126894,0.9368831978357357,0,train
12_12-MaleGlasses-Normal_frame00000_mar0.145,0.03,0.9513623491070327,0,train
12_12-MaleGlasses-Normal_frame00014_mar0.159,0.03,0.9606467681785482,0,train
12_12-MaleGlasses-Normal_frame00028_mar0.171,0.03,0.9403502145957562,0,train
12_12-MaleGlasses-Normal_frame00210_mar0.126,0.03,0.8744783434046767,0,train
12_12-MaleGlasses-Normal_frame00224_mar0.133,0.03,0.8577909429846914,0,train
12_12-MaleGlasses-Normal_frame00238_mar0.125,0.03,0.8537523308642003,0,train
12_12-MaleGlasses-Normal_frame00252_mar0.130,0.03,0.8002853521833448,0,train
12_12-MaleGlasses-Normal_frame00266_mar0.133,0.03,0.8218723369998265,0,train
12_12-MaleGlasses-Normal_frame00350_mar0.171,0.03,0.9981680753394122,0,train
12_12-MaleGlasses-Normal_frame00364_mar0.168,0.03,0.9981504489535568,0,train
12_12-MaleGlasses-Normal_frame00378_mar0.169,0.03,1.032143803171806,0,train
12_12-MaleGlasses-Normal_frame00392_mar0.163,0.03,1.0275156098748246,0,train
12_12-MaleGlasses-Normal_frame00406_mar0.167,0.03,1.0405220931962176,0,train
12_12-MaleGlasses-Normal_frame00420_mar0.184,0.03,1.0819142086916231,0,train
13_13-FemaleNoGlasses-Normal_frame00014_mar0.100,0.03,0.8749397231575498,0,train
13_13-FemaleNoGlasses-Normal_frame00028_mar0.129,0.03,0.8893547282715264,0,train
13_13-FemaleNoGlasses-Normal_frame00042_mar0.134,0.03,0.8285634569222811,0,train
13_13-FemaleNoGlasses-Normal_frame00056_mar0.143,0.03,0.8356596702106158,0,train
13_13-FemaleNoGlasses-Normal_frame00070_mar0.140,0.03,0.8844843961136055,0,train
13_13-FemaleNoGlasses-Normal_frame00084_mar0.132,0.03,0.8068515895721808,0,train
14_14-FemaleNoGlasses-Normal_frame00084_mar0.191,0.03,0.78685376587523,0,train
14_14-FemaleNoGlasses-Normal_frame00098_mar0.186,0.03,0.7766154499078133,0,train
14_14-FemaleNoGlasses-Normal_frame00112_mar0.184,0.03,0.7751938972619252,0,train
14_14-FemaleNoGlasses-Normal_frame00126_mar0.182,0.03,0.7607137656186994,0,train
14_14-FemaleNoGlasses-Normal_frame00140_mar0.189,0.03,0.7621623401804863,0,train
15_15-FemaleSunGlasses-Normal_frame00000_mar0.196,0.03,0.7090574652795688,0,train
15_15-FemaleSunGlasses-Normal_frame00014_mar0.196,0.03,0.7130434464420567,0,train
15_15-FemaleSunGlasses-Normal_frame00028_mar0.198,0.03,0.731638428018131,0,train
15_15-FemaleSunGlasses-Normal_frame00042_mar0.200,0.03,0.7196670798023749,0,train
15_15-MaleNoGlasses-Normal_frame00196_mar0.111,0.03,0.9232043079343943,0,train
15_15-MaleNoGlasses-Normal_frame00252_mar0.145,0.07545708563576117,0.9176321356204236,0,train
15_15-MaleNoGlasses-Normal_frame00476_mar0.182,0.03,0.8731821602428684,0,train
15_15-MaleNoGlasses-Normal_frame00490_mar0.183,0.03,0.8648490438851251,0,train
15_15-MaleNoGlasses-Normal_frame00518_mar0.199,0.03352237984158039,0.9314321136440342,0,train
17_17-FemaleNoGlasses-Normal_frame00014_mar0.151,0.03,0.8904688633828446,0,train
17_17-FemaleNoGlasses-Normal_frame00042_mar0.165,0.03,0.8819159827677557,0,train
17_17-FemaleNoGlasses-Normal_frame00168_mar0.128,0.03,0.7908448152715232,0,train
17_17-FemaleNoGlasses-Normal_frame00182_mar0.136,0.03,0.810970422186331,0,train
17_17-FemaleNoGlasses-Normal_frame00252_mar0.191,0.03,0.8977139341600101,0,train
17_17-FemaleNoGlasses-Normal_frame00266_mar0.194,0.03,0.9027963106377461,0,train
17_17-FemaleNoGlasses-Normal_frame00280_mar0.199,0.03,0.9139679877048654,0,train
17_17-FemaleNoGlasses-Normal_frame00294_mar0.194,0.03,0.9155925291344688,0,train
17_17-FemaleNoGlasses-Normal_frame00308_mar0.198,0.03,0.9433254292676984,0,train
17_17-FemaleNoGlasses-Normal_frame00336_mar0.200,0.03,0.9309093595613578,0,train
17_17-FemaleSunGlasses-Normal_frame00000_mar0.187,0.03,0.90703922524522,0,train
17_17-FemaleSunGlasses-Normal_frame00014_mar0.195,0.03,0.9151013024982372,0,train
17_17-FemaleSunGlasses-Normal_frame00056_mar0.179,0.03,0.9019985979690103,0,train
17_17-FemaleSunGlasses-Normal_frame00070_mar0.147,0.03,0.8395359071354789,0,train
17_17-FemaleSunGlasses-Normal_frame00084_mar0.126,0.03,0.78819989447167,0,train
17_17-MaleNoGlasses-Normal_frame00014_mar0.182,0.03,0.8562876908516669,0,train
17_17-MaleNoGlasses-Normal_frame00028_mar0.182,0.03,0.838567390766837,0,train
17_17-MaleNoGlasses-Normal_frame00042_mar0.193,0.03,0.8388610323747183,0,train
17_17-MaleNoGlasses-Normal_frame00056_mar0.183,0.03,0.7980105990936778,0,train
17_17-MaleNoGlasses-Normal_frame00070_mar0.194,0.03,0.8111531233427727,0,train
17_17-MaleNoGlasses-Normal_frame00084_mar0.199,0.03,0.824696793302928,0,train
17_17-MaleNoGlasses-Normal_frame00098_mar0.199,0.03,0.8378715646199084,0,train
17_17-MaleNoGlasses-Normal_frame00196_mar0.190,0.03,0.7750909667369571,0,train
17_17-MaleNoGlasses-Normal_frame00210_mar0.176,0.03,0.7203274277009835,0,train
17_17-MaleNoGlasses-Normal_frame00224_mar0.124,0.03,0.6296076232699771,0,train
17_17-MaleNoGlasses-Normal_frame00238_mar0.147,0.03,0.6435173268109765,0,train
18_18-FemaleNoGlasses-Normal_frame00000_mar0.153,0.03,0.7442693219824742,0,train
18_18-FemaleNoGlasses-Normal_frame00014_mar0.160,0.03,0.7484596815138064,0,train
18_18-FemaleNoGlasses-Normal_frame00028_mar0.170,0.03,0.7443540347936861,0,train
18_18-FemaleNoGlasses-Normal_frame00042_mar0.178,0.03,0.7368072200975719,0,train
18_18-FemaleNoGlasses-Normal_frame00084_mar0.195,0.03,0.7222935471337852,0,train
18_18-FemaleNoGlasses-Normal_frame00098_mar0.181,0.03,0.7343341298328956,0,train
18_18-FemaleSunGlasses-Normal_frame00028_mar0.163,0.03,0.7997091594783499,0,train
18_18-FemaleSunGlasses-Normal_frame00042_mar0.158,0.03,0.7718755821068828,0,train
18_18-FemaleSunGlasses-Normal_frame00056_mar0.191,0.03,0.868516264903305,0,train
18_18-FemaleSunGlasses-Normal_frame00168_mar0.154,0.03,0.7542579449074126,0,train
18_18-FemaleSunGlasses-Normal_frame00182_mar0.136,0.03,0.6938844978794737,0,train
18_18-FemaleSunGlasses-Normal_frame00196_mar0.125,0.03,0.72392846591648,0,train
18_18-MaleNoGlasses-Normal_frame00000_mar0.142,0.03,0.8973538978495058,0,train
18_18-MaleNoGlasses-Normal_frame00168_mar0.198,0.03,0.8980594103380312,0,train
18_18-MaleNoGlasses-Normal_frame00182_mar0.149,0.032620403904666584,0.8520134788927262,0,train
18_18-MaleNoGlasses-Normal_frame00196_mar0.198,0.03,0.9125411487733793,0,train
18_18-MaleNoGlasses-Normal_frame00210_mar0.190,0.03,0.9043484875072594,0,train
18_18-MaleNoGlasses-Normal_frame00224_mar0.198,0.03,0.8947574035409588,0,train
18_18-MaleNoGlasses-Normal_frame00238_mar0.195,0.03,0.8994952165481963,0,train
18_18-MaleNoGlasses-Normal_frame00252_mar0.197,0.03,0.9289581362295524,0,train
18_18-MaleNoGlasses-Normal_frame00266_mar0.196,0.03,0.9142733071354794,0,train
18_18-MaleNoGlasses-Normal_frame00294_mar0.197,0.0799375931736007,0.9352513854674155,0,train
18_18-MaleNoGlasses-Normal_frame00322_mar0.197,0.03,0.923896207258741,0,train
18_18-MaleNoGlasses-Normal_frame00336_mar0.200,0.03,0.9257887438959549,0,train
18_18-MaleNoGlasses-Normal_frame00350_mar0.200,0.03,0.9313588302842208,0,train
19_19-FemaleNoGlasses-Normal_frame00000_mar0.112,0.03,0.7503322614874851,0,train
19_19-FemaleNoGlasses-Normal_frame00014_mar0.157,0.03,0.7773876566497289,0,train
19_19-FemaleNoGlasses-Normal_frame00028_mar0.176,0.03,0.8626054449043687,0,train
19_19-FemaleNoGlasses-Normal_frame00042_mar0.154,0.03,0.8327629532092576,0,train
19_19-FemaleNoGlasses-Normal_frame00056_mar0.158,0.03,0.8053171603029113,0,train
19_19-FemaleNoGlasses-Normal_frame00070_mar0.164,0.03,0.8156265639127733,0,train
19_19-FemaleNoGlasses-Normal_frame00084_mar0.172,0.03,0.8513923775207022,0,train
19_19-FemaleNoGlasses-Normal_frame00154_mar0.177,0.03,0.8284888603546293,0,train
19_19-MaleGlassesmoustache-Normal_frame00098_mar0.188,0.03,1.0054217739849862,0,train
19_19-MaleGlassesmoustache-Normal_frame00112_mar0.169,0.03,0.9205476769099228,0,train
19_19-MaleGlassesmoustache-Normal_frame00210_mar0.186,0.03,0.9255456535924508,0,train
19_19-MaleGlassesmoustache-Normal_frame00224_mar0.180,0.03,0.9559683317798913,0,train
19_19-MaleGlassesmoustache-Normal_frame00672_mar0.117,0.03,0.8204231840901746,0,train
1_1-FemaleNoGlasses-Normal_frame00238_mar0.120,0.03,0.5899123488970999,0,train
1_1-FemaleNoGlasses-Normal_frame00238_mar0.124,0.03,0.5899123488970999,0,train
1_1-FemaleNoGlasses-Normal_frame00252_mar0.159,0.03,0.626098154968335,0,train
1_1-FemaleNoGlasses-Normal_frame00266_mar0.124,0.03,0.758651171577282,0,train
1_1-FemaleNoGlasses-Normal_frame00280_mar0.112,0.03,0.8014865140747516,0,train
1_1-FemaleNoGlasses-Normal_frame00294_mar0.121,0.03,0.8037481401768131,0,train
1_1-FemaleNoGlasses-Normal_frame00308_mar0.126,0.03,0.8262251698156748,0,train
1_1-MaleSunGlasses-Normal_frame00070_mar0.196,0.03,0.880363148878783,0,train
1_1-MaleSunGlasses-Normal_frame00140_mar0.159,0.03,0.8191720898067207,0,train
1_1-MaleSunGlasses-Normal_frame00154_mar0.159,0.03,0.8901130077759066,0,train
1_1-MaleSunGlasses-Normal_frame00168_mar0.175,0.03,0.8172578879373208,0,train
1_1-MaleSunGlasses-Normal_frame00182_mar0.196,0.03,0.7616732508161699,0,train
1_1-MaleSunGlasses-Normal_frame00196_mar0.164,0.03,0.8057995038364217,0,train
1_1-MaleSunGlasses-Normal_frame00210_mar0.141,0.03,0.824482871972024,0,train
1_1-MaleSunGlasses-Normal_frame00224_mar0.191,0.03,0.8455831215756151,0,train
1_1-MaleSunGlasses-Normal_frame00336_mar0.189,0.03,0.8603039215858926,0,train
20_20-FemaleNoGlasses-Normal_frame00070_mar0.111,0.03,0.9329540159333325,0,train
20_20-FemaleNoGlasses-Normal_frame00084_mar0.199,0.03,1.0577522630491363,0,train
20_20-FemaleNoGlasses-Normal_frame00140_mar0.200,0.03,1.1828561728108067,0,train
20_20-FemaleNoGlasses-Normal_frame00154_mar0.181,0.03,1.1136148740633314,0,train
20_20-FemaleNoGlasses-Normal_frame00168_mar0.195,0.03,1.1232738534697468,0,train
20_20-FemaleNoGlasses-Normal_frame00182_mar0.138,0.03,1.0136297760959012,0,train
20_20-MaleGlasses-Normal_frame00042_mar0.112,0.03,0.872538817887812,0,train
20_20-MaleGlasses-Normal_frame00112_mar0.189,0.03,0.9540327923771021,0,train
20_20-MaleGlasses-Normal_frame00126_mar0.135,0.03,0.8890544011477021,0,train
20_20-MaleGlasses-Normal_frame00140_mar0.126,0.03,0.8320468402855059,0,train
20_20-MaleGlasses-Normal_frame00224_mar0.164,0.03,0.8726742973951644,0,train
21_21-FemaleNoGlasses-Normal_frame00042_mar0.198,0.03,0.7908547718125847,0,train
21_21-FemaleNoGlasses-Normal_frame00056_mar0.190,0.03,0.6877872606659182,0,train
21_21-FemaleNoGlasses-Normal_frame00070_mar0.173,0.03,0.6625855297713391,0,train
21_21-FemaleNoGlasses-Normal_frame00182_mar0.199,0.03,0.7323842920699672,0,train
21_21-MaleGlasses-Normal_frame00000_mar0.106,0.03,0.9011869976756225,0,train
21_21-MaleGlasses-Normal_frame00014_mar0.187,0.03,0.9508018262132141,0,train
21_21-MaleGlasses-Normal_frame00028_mar0.191,0.03,0.9204496576653314,0,train
21_21-MaleGlasses-Normal_frame00042_mar0.160,0.03,0.9009310199520058,0,train
21_21-MaleGlasses-Normal_frame00056_mar0.149,0.03,0.8331184511007649,0,train
21_21-MaleGlasses-Normal_frame00070_mar0.188,0.03,0.8860867343873511,0,train
21_21-MaleGlasses-Normal_frame00084_mar0.180,0.03,0.9057946456376708,0,train
22_22-FemaleNoGlasses-Normal_frame00042_mar0.190,0.03,0.9068068996574272,0,train
22_22-FemaleNoGlasses-Normal_frame00070_mar0.157,0.03,1.0766714242370068,0,train
22_22-FemaleNoGlasses-Normal_frame00084_mar0.159,0.03,0.8904365663717043,0,train
22_22-FemaleNoGlasses-Normal_frame00140_mar0.186,0.03,0.9315509461383279,0,train
22_22-FemaleNoGlasses-Normal_frame00154_mar0.116,0.03,0.7968972126887457,0,train
22_22-FemaleNoGlasses-Normal_frame00210_mar0.198,0.03,0.9524756297992694,0,train
22_22-FemaleNoGlasses-Normal_frame00224_mar0.187,0.03,0.92596698452805,0,train
22_22-FemaleSunGlasses-Normal_frame00000_mar0.151,0.03,0.755876536032227,0,train
22_22-FemaleSunGlasses-Normal_frame00014_mar0.190,0.03,0.7580360574828962,0,train
22_22-FemaleSunGlasses-Normal_frame00140_mar0.124,0.03,0.7634831080027176,0,train
22_22-MaleGlassesmoustache-Normal_frame00000_mar0.121,0.03,0.9330666061506339,0,train
22_22-MaleGlassesmoustache-Normal_frame00014_mar0.167,0.03,0.9439554709663062,0,train
22_22-MaleGlassesmoustache-Normal_frame00028_mar0.172,0.03,0.9283106014393495,0,train
22_22-MaleGlassesmoustache-Normal_frame00042_mar0.174,0.03,0.9551956492478785,0,train
22_22-MaleGlassesmoustache-Normal_frame00056_mar0.194,0.03,1.019470598875803,0,train
22_22-MaleGlassesmoustache-Normal_frame00070_mar0.186,0.03,0.9818495847339714,0,train
22_22-MaleGlassesmoustache-Normal_frame00084_mar0.158,0.03,0.9487510961595421,0,train
22_22-MaleGlassesmoustache-Normal_frame00392_mar0.170,0.03,0.9076014378044217,0,train
22_22-MaleGlassesmoustache-Normal_frame00406_mar0.190,0.03,0.9238693349276988,0,train
22_22-MaleGlassesmoustache-Normal_frame00462_mar0.185,0.03,0.9554046134266615,0,train
22_22-MaleGlassesmoustache-Normal_frame00560_mar0.189,0.03,0.924486779558381,0,train
22_22-MaleGlassesmoustache-Normal_frame00574_mar0.199,0.03,0.9643098173046449,0,train
22_22-MaleGlassesmoustache-Normal_frame00630_mar0.191,0.03,0.9522078521138458,0,train
22_22-MaleGlassesmoustache-Normal_frame00644_mar0.188,0.03,0.9800779542606985,0,train
22_22-MaleGlassesmoustache-Normal_frame00658_mar0.192,0.03,0.9342888290481964,0,train
22_22-MaleGlassesmoustache-Normal_frame00686_mar0.200,0.03,0.9485350542968515,0,train
22_22-MaleGlassesmoustache-Normal_frame00700_mar0.191,0.03,0.9739521774502485,0,train
22_22-MaleGlassesmoustache-Normal_frame00798_mar0.198,0.03,0.936470076375781,0,train
23_23-FemaleNoGlasses-Normal_frame00028_mar0.198,0.03,0.8766821178513671,0,train
23_23-MaleGlassesBeard-Normal_frame00028_mar0.182,0.03,0.9130444632649595,0,train
23_23-MaleGlassesBeard-Normal_frame00042_mar0.176,0.03,0.8956420444557943,0,train
23_23-MaleGlassesBeard-Normal_frame00056_mar0.172,0.03,0.8663558444312397,0,train
23_23-MaleGlassesBeard-Normal_frame00070_mar0.174,0.03,0.8626522361634179,0,train
23_23-MaleGlassesBeard-Normal_frame00084_mar0.194,0.03,0.9440554235632367,0,train
23_23-MaleGlassesBeard-Normal_frame00140_mar0.198,0.03,1.300873920784224,0,train
23_23-MaleNoGlasses-Normal_frame00000_mar0.178,0.03,1.130733833382145,0,train
23_23-MaleNoGlasses-Normal_frame00084_mar0.182,0.03,1.1682596049557972,0,train
23_23-MaleNoGlasses-Normal_frame00266_mar0.128,0.03,0.850613030590421,0,train
23_23-MaleNoGlasses-Normal_frame00280_mar0.145,0.03,0.881866656499413,0,train
23_23-MaleNoGlasses-Normal_frame00294_mar0.153,0.03,0.8894601131424957,0,train
23_23-MaleNoGlasses-Normal_frame00308_mar0.175,0.03,0.9471875075590315,0,train
24_24-FemaleNoGlasses-Normal_frame00000_mar0.172,0.03,0.6305206412644874,0,train
24_24-FemaleNoGlasses-Normal_frame00014_mar0.170,0.03,0.6590053477916293,0,train
24_24-FemaleNoGlasses-Normal_frame00028_mar0.169,0.03,0.650944728768343,0,train
24_24-FemaleNoGlasses-Normal_frame00042_mar0.174,0.03,0.6585374114462366,0,train
24_24-FemaleNoGlasses-Normal_frame00056_mar0.174,0.03,0.635200524024576,0,train
24_24-FemaleNoGlasses-Normal_frame00070_mar0.177,0.03,0.6439599082632328,0,train
24_24-FemaleNoGlasses-Normal_frame00084_mar0.176,0.03,0.6479849626080584,0,train
24_24-MaleGlasses-Normal_frame00000_mar0.109,0.03,0.8136511930542976,0,train
24_24-MaleGlasses-Normal_frame00014_mar0.137,0.03,0.8586338985868531,0,train
24_24-MaleGlasses-Normal_frame00028_mar0.118,0.03,0.8626338696391713,0,train
24_24-MaleGlasses-Normal_frame00042_mar0.125,0.03,0.8527467925004181,0,train
24_24-MaleGlasses-Normal_frame00056_mar0.122,0.03,0.8342145900690152,0,train
24_24-MaleGlasses-Normal_frame00182_mar0.136,0.03,0.7850894291976828,0,train
24_24-MaleGlasses-Normal_frame00224_mar0.131,0.03,0.8351764476964922,0,train
24_24-MaleGlasses-Normal_frame00252_mar0.186,0.03,0.9164870776303515,0,train
24_24-MaleGlasses-Normal_frame00266_mar0.182,0.03,0.9190022039969924,0,train
25_25-FemaleNoGlasses-Normal_frame00000_mar0.199,0.03,0.8198334462510386,0,train
25_25-FemaleNoGlasses-Normal_frame00014_mar0.159,0.03,0.8010900915816968,0,train
25_25-FemaleNoGlasses-Normal_frame00028_mar0.182,0.03,0.8414542105321686,0,train
25_25-FemaleSunGlasses-Normal_frame00126_mar0.119,0.03,0.8699767453012726,0,train
25_25-FemaleSunGlasses-Normal_frame00140_mar0.133,0.03,0.9760508672496923,0,train
25_25-FemaleSunGlasses-Normal_frame00154_mar0.146,0.03,0.8960353902082498,0,train
25_25-FemaleSunGlasses-Normal_frame00168_mar0.177,0.03,1.2224184104885336,0,train
25_25-FemaleSunGlasses-Normal_frame00182_mar0.194,0.03,1.042245495609648,0,train
25_25-FemaleSunGlasses-Normal_frame00238_mar0.140,0.03,0.9734308176578071,0,train
25_25-MaleGlasses-Normal_frame00014_mar0.158,0.03,0.9992086033060744,0,train
25_25-MaleGlasses-Normal_frame00028_mar0.198,0.03,0.9778367551840714,0,train
25_25-MaleGlasses-Normal_frame00056_mar0.186,0.03,1.0199038769732316,0,train
25_25-MaleGlasses-Normal_frame00070_mar0.197,0.03,0.9561735556762886,0,train
25_25-MaleGlasses-Normal_frame00084_mar0.180,0.03,0.9614925140256199,0,train
25_25-MaleSunGlasses-Normal_frame00000_mar0.186,0.03,0.9169090170010017,0,train
25_25-MaleSunGlasses-Normal_frame00014_mar0.189,0.03,0.9925809907038939,0,train
25_25-MaleSunGlasses-Normal_frame00070_mar0.200,0.03,0.9125895752290215,0,train
25_25-MaleSunGlasses-Normal_frame00084_mar0.193,0.03,0.961409449263117,0,train
25_25-MaleSunGlasses-Normal_frame00098_mar0.195,0.03,0.9226497688070179,0,train
2_2-FemaleNoGlasses-Normal_frame00182_mar0.133,0.03,0.7420795162396336,0,train
2_2-FemaleNoGlasses-Normal_frame00196_mar0.130,0.03,0.7522444769350632,0,train
2_2-FemaleNoGlasses-Normal_frame00210_mar0.136,0.03,0.751969364016671,0,train
2_2-FemaleNoGlasses-Normal_frame00252_mar0.128,0.03,0.7650701421081854,0,train
2_2-FemaleNoGlasses-Normal_frame00266_mar0.147,0.03,0.801944347067604,0,train
2_2-MaleGlasses-Normal_frame00084_mar0.199,0.03,0.8731263463957141,0,train
2_2-MaleGlasses-Normal_frame00196_mar0.199,0.03,0.7663221919897332,0,train
2_2-MaleGlasses-Normal_frame00294_mar0.174,0.03,0.8740229422404694,0,train
2_2-MaleGlasses-Normal_frame00322_mar0.192,0.03,0.8844046380221354,0,train
2_2-MaleGlasses-Normal_frame00336_mar0.199,0.03,0.8546358704331221,0,train
2_2-MaleGlasses-Normal_frame00350_mar0.199,0.03,0.8987888585817515,0,train
2_2-MaleGlasses-Normal_frame00378_mar0.196,0.03,0.8298048440929848,0,train
3_3-FemaleGlasses-Normal_frame00014_mar0.197,0.03,0.8853038754541313,0,train
3_3-FemaleGlasses-Normal_frame00028_mar0.194,0.03,0.8879448440227182,0,train
3_3-FemaleGlasses-Normal_frame00140_mar0.108,0.03,0.8753223590347506,0,train
3_3-FemaleGlasses-Normal_frame00224_mar0.198,0.03,0.9019546012227192,0,train
3_3-FemaleGlasses-Normal_frame00294_mar0.197,0.03,0.9622709413281983,0,train
3_3-FemaleGlasses-Normal_frame00308_mar0.189,0.03,0.9307576631499787,0,train
3_3-FemaleGlasses-Normal_frame00322_mar0.183,0.03,0.9269015006343665,0,train
3_3-MaleGlasses-Normal_frame00112_mar0.198,0.03,0.8993799757580132,0,train
3_3-MaleGlasses-Normal_frame00126_mar0.196,0.03,0.8726501722167628,0,train
3_3-MaleGlasses-Normal_frame00196_mar0.198,0.03,0.9634759122064962,0,train
3_3-MaleGlasses-Normal_frame00224_mar0.188,0.03,1.015753822331888,0,train
3_3-MaleGlasses-Normal_frame00238_mar0.182,0.03,1.0274924377587404,0,train
3_3-MaleGlasses-Normal_frame00364_mar0.196,0.03,0.9181198832128549,0,train
3_3-MaleGlasses-Normal_frame00378_mar0.190,0.03,0.9354436572215866,0,train
3_3-MaleGlasses-Normal_frame00392_mar0.192,0.03,0.9603644168880926,0,train
3_3-MaleNoGlasses-Normal_frame00056_mar0.164,0.03,0.9438502821225409,0,train
3_3-MaleNoGlasses-Normal_frame00070_mar0.175,0.03,0.9253832574870726,0,train
3_3-MaleNoGlasses-Normal_frame00154_mar0.194,0.03,0.9717534492671712,0,train
3_3-MaleNoGlasses-Normal_frame00168_mar0.181,0.03,0.9612084120238619,0,train
3_3-MaleNoGlasses-Normal_frame00182_mar0.194,0.03,1.0116565027388316,0,train
4_4-FemaleGlasses-Normal_frame00014_mar0.162,0.03,0.9346229776682273,0,train
4_4-FemaleGlasses-Normal_frame00084_mar0.200,0.03,0.9430154942320473,0,train
4_4-FemaleGlasses-Normal_frame00182_mar0.137,0.03,0.9002252850434322,0,train
4_4-FemaleGlasses-Normal_frame00308_mar0.192,0.03,0.992601028896188,0,train
4_4-FemaleGlasses-Normal_frame00336_mar0.198,0.03,0.9955196443667026,0,train
4_4-FemaleGlasses-Normal_frame00350_mar0.191,0.03,0.9524702332892632,0,train
4_4-FemaleGlasses-Normal_frame00392_mar0.195,0.03,0.9688596261195752,0,train
4_4-FemaleGlasses-Normal_frame00504_mar0.197,0.03,0.9562355038408544,0,train
4_4-MaleNoGlasses-Normal_frame00042_mar0.176,0.03,0.7800212893884418,0,train
4_4-MaleNoGlasses-Normal_frame00098_mar0.170,0.03,0.7762171055706315,0,train
4_4-MaleNoGlasses-Normal_frame00112_mar0.176,0.03,0.7832836626489379,0,train
4_4-MaleNoGlasses-Normal_frame00126_mar0.173,0.03,0.7848629512414383,0,train
4_4-MaleNoGlasses-Normal_frame00140_mar0.170,0.03,0.7823870346007803,0,train
4_4-MaleNoGlasses-Normal_frame00154_mar0.177,0.03,0.7698724352224902,0,train
4_4-MaleNoGlasses-Normal_frame00392_mar0.177,0.03,0.776700542873067,0,train
5_5-FemaleGlasses-Normal_frame00154_mar0.185,0.03,0.8426117241191041,0,train
5_5-FemaleGlasses-Normal_frame00308_mar0.162,0.03,0.8730403711267002,0,train
5_5-FemaleGlasses-Normal_frame00476_mar0.183,0.03,0.8753036780470992,0,train
5_5-MaleNoGlasses-Normal_frame00014_mar0.102,0.03,0.7814990868866355,0,train
5_5-MaleNoGlasses-Normal_frame00056_mar0.187,0.03,0.725495028881688,0,train
5_5-MaleNoGlasses-Normal_frame00070_mar0.186,0.03,0.7509629925417853,0,train
5_5-MaleNoGlasses-Normal_frame00140_mar0.185,0.03,0.7218135340503105,0,train
5_5-MaleNoGlasses-Normal_frame00196_mar0.179,0.03,0.7441097217213104,0,train
6_6-FemaleNoGlasses-Normal_frame00014_mar0.138,0.03,0.8316637825011336,0,train
6_6-FemaleNoGlasses-Normal_frame00028_mar0.182,0.03,0.8363587506034346,0,train
6_6-FemaleNoGlasses-Normal_frame00042_mar0.175,0.03,0.8535152936518878,0,train
6_6-FemaleNoGlasses-Normal_frame00056_mar0.186,0.03,0.8779822810573532,0,train
6_6-FemaleNoGlasses-Normal_frame00070_mar0.179,0.03,0.8793323405180262,0,train
6_6-FemaleNoGlasses-Normal_frame00084_mar0.185,0.03,0.862659457429047,0,train
6_6-FemaleNoGlasses-Normal_frame00098_mar0.188,0.03,0.8576276700270848,0,train
6_6-FemaleNoGlasses-Normal_frame00112_mar0.191,0.03,0.8267435115075837,0,train
6_6-FemaleNoGlasses-Normal_frame00210_mar0.193,0.03,0.8206044445168152,0,train
6_6-FemaleNoGlasses-Normal_frame00224_mar0.179,0.03,0.7601454179282726,0,train
6_6-MaleNoGlasses-Normal_frame00042_mar0.187,0.03,0.8484164394030883,0,train
6_6-MaleNoGlasses-Normal_frame00084_mar0.146,0.03,0.8485251297367384,0,train
6_6-MaleNoGlasses-Normal_frame00112_mar0.136,0.03,0.8506613386946356,0,train
6_6-MaleNoGlasses-Normal_frame00126_mar0.168,0.03,0.8908304585082403,0,train
6_6-MaleNoGlasses-Normal_frame00140_mar0.117,0.03,0.7530108611379823,0,train
7_7-MaleGlasses-Normal_frame00000_mar0.155,0.0641196990292028,1.4818546199641551,0,train
8_8-MaleGlassesBeard-Normal_frame00028_mar0.120,0.03,0.7945193990900009,0,train
8_8-MaleGlassesBeard-Normal_frame00042_mar0.126,0.03,0.8770655902493101,0,train
8_8-MaleGlassesBeard-Normal_frame00056_mar0.136,0.03,0.7335505343029082,0,train
8_8-MaleGlassesBeard-Normal_frame00070_mar0.117,0.03,0.7415258674116478,0,train
8_8-MaleGlassesBeard-Normal_frame00084_mar0.111,0.03,0.7324987220201602,0,train
